{ "pages": 
[
  {
    "DateTime": "2020-01-19T00:00:00+00:00",
    "EndDateTime": "2020-01-19T23:59:59.9999999+00:00",
    "DeviceId": null,
    "Aggregation": "Daily",
    "AppName": "OneDrive",
    "AppPublisher": "Microsoft Corporation"
  },
  {
    "DateTime": "2020-01-18T00:00:00+00:00",
    "EndDateTime": "2020-01-18T23:59:59.9999999+00:00",
    "DeviceId": null,
    "Aggregation": "Daily",
    "AppName": "OneDrive",
    "AppPublisher": "Microsoft Corporation"
  },
  {
    "DateTime": "2020-01-17T00:00:00+00:00",
    "EndDateTime": "2020-01-17T23:59:59.9999999+00:00",
    "DeviceId": null,
    "Aggregation": "Daily",
    "AppName": "OneDrive",
    "AppPublisher": "Microsoft Corporation"
  },
  {
    "DateTime": "2020-01-16T00:00:00+00:00",
    "EndDateTime": "2020-01-16T23:59:59.9999999+00:00",
    "DeviceId": null,
    "Aggregation": "Daily",
    "AppName": "OneDrive",
    "AppPublisher": "Microsoft Corporation"
  },
  {
    "DateTime": "2020-01-15T00:00:00+00:00",
    "EndDateTime": "2020-01-15T23:59:59.9999999+00:00",
    "DeviceId": null,
    "Aggregation": "Daily",
    "AppName": "OneDrive",
    "AppPublisher": "Microsoft Corporation"
  },
  {
    "DateTime": "2020-01-14T00:00:00+00:00",
    "EndDateTime": "2020-01-14T23:59:59.9999999+00:00",
    "DeviceId": null,
    "Aggregation": "Daily",
    "AppName": "OneDrive",
    "AppPublisher": "Microsoft Corporation"
  },
  {
    "DateTime": "2020-01-13T00:00:00+00:00",
    "EndDateTime": "2020-01-13T23:59:59.9999999+00:00",
    "DeviceId": null,
    "Aggregation": "Daily",
    "AppName": "OneDrive",
    "AppPublisher": "Microsoft Corporation"
  },
  {
    "DateTime": "2020-01-12T00:00:00+00:00",
    "EndDateTime": "2020-01-12T23:59:59.9999999+00:00",
    "DeviceId": null,
    "Aggregation": "Daily",
    "AppName": "OneDrive",
    "AppPublisher": "Microsoft Corporation"
  },
  {
    "DateTime": "2020-01-11T00:00:00+00:00",
    "EndDateTime": "2020-01-11T23:59:59.9999999+00:00",
    "DeviceId": null,
    "Aggregation": "Daily",
    "AppName": "OneDrive",
    "AppPublisher": "Microsoft Corporation"
  },
  {
    "DateTime": "2020-01-10T00:00:00+00:00",
    "EndDateTime": "2020-01-10T23:59:59.9999999+00:00",
    "DeviceId": null,
    "Aggregation": "Daily",
    "AppName": "OneDrive",
    "AppPublisher": "Microsoft Corporation"
  },
  {
    "DateTime": "2020-01-09T00:00:00+00:00",
    "EndDateTime": "2020-01-09T23:59:59.9999999+00:00",
    "DeviceId": null,
    "Aggregation": "Daily",
    "AppName": "OneDrive",
    "AppPublisher": "Microsoft Corporation"
  },
  {
    "DateTime": "2020-01-09T00:00:00+00:00",
    "EndDateTime": "2020-01-09T23:59:59.9999999+00:00",
    "DeviceId": null,
    "Aggregation": "Daily",
    "AppName": "opensource.microsoft.com",
    "AppPublisher": "Microsoft Corporation"
  },
  {
    "DateTime": "2020-01-08T00:00:00+00:00",
    "EndDateTime": "2020-01-08T23:59:59.9999999+00:00",
    "DeviceId": null,
    "Aggregation": "Daily",
    "AppName": "OneDrive",
    "AppPublisher": "Microsoft Corporation"
  },
  {
    "DateTime": "2020-01-07T00:00:00+00:00",
    "EndDateTime": "2020-01-07T23:59:59.9999999+00:00",
    "DeviceId": null,
    "Aggregation": "Daily",
    "AppName": "OneDrive",
    "AppPublisher": "Microsoft Corporation"
  },
  {
    "DateTime": "2020-01-06T00:00:00+00:00",
    "EndDateTime": "2020-01-06T23:59:59.9999999+00:00",
    "DeviceId": null,
    "Aggregation": "Daily",
    "AppName": "OneDrive",
    "AppPublisher": "Microsoft Corporation"
  },
  {
    "DateTime": "2020-01-05T00:00:00+00:00",
    "EndDateTime": "2020-01-05T23:59:59.9999999+00:00",
    "DeviceId": null,
    "Aggregation": "Daily",
    "AppName": "OneDrive",
    "AppPublisher": "Microsoft Corporation"
  },
  {
    "DateTime": "2020-01-04T00:00:00+00:00",
    "EndDateTime": "2020-01-04T23:59:59.9999999+00:00",
    "DeviceId": null,
    "Aggregation": "Daily",
    "AppName": "OneDrive",
    "AppPublisher": "Microsoft Corporation"
  },
  {
    "DateTime": "2020-01-03T00:00:00+00:00",
    "EndDateTime": "2020-01-03T23:59:59.9999999+00:00",
    "DeviceId": null,
    "Aggregation": "Daily",
    "AppName": "OneDrive",
    "AppPublisher": "Microsoft Corporation"
  },
  {
    "DateTime": "2020-01-02T00:00:00+00:00",
    "EndDateTime": "2020-01-02T23:59:59.9999999+00:00",
    "DeviceId": null,
    "Aggregation": "Daily",
    "AppName": "OneDrive",
    "AppPublisher": "Microsoft Corporation"
  },
  {
    "DateTime": "2020-01-01T00:00:00+00:00",
    "EndDateTime": "2020-01-01T23:59:59.9999999+00:00",
    "DeviceId": null,
    "Aggregation": "Daily",
    "AppName": "OneDrive",
    "AppPublisher": "Microsoft Corporation"
  },
  {
    "DateTime": "2019-12-31T00:00:00+00:00",
    "EndDateTime": "2019-12-31T23:59:59.9999999+00:00",
    "DeviceId": null,
    "Aggregation": "Daily",
    "AppName": "OneDrive",
    "AppPublisher": "Microsoft Corporation"
  },
  {
    "DateTime": "2019-12-30T00:00:00+00:00",
    "EndDateTime": "2019-12-30T23:59:59.9999999+00:00",
    "DeviceId": null,
    "Aggregation": "Daily",
    "AppName": "OneDrive",
    "AppPublisher": "Microsoft Corporation"
  },
  {
    "DateTime": "2019-12-30T00:00:00+00:00",
    "EndDateTime": "2019-12-30T23:59:59.9999999+00:00",
    "DeviceId": null,
    "Aggregation": "Daily",
    "AppName": "examregistration.microsoft.com",
    "AppPublisher": "Microsoft Corporation"
  },
  {
    "DateTime": "2019-12-30T00:00:00+00:00",
    "EndDateTime": "2019-12-30T23:59:59.9999999+00:00",
    "DeviceId": null,
    "Aggregation": "Daily",
    "AppName": "www.microsoft.com",
    "AppPublisher": "Microsoft Corporation"
  },
  {
    "DateTime": "2019-12-30T00:00:00+00:00",
    "EndDateTime": "2019-12-30T23:59:59.9999999+00:00",
    "DeviceId": null,
    "Aggregation": "Daily",
    "AppName": "azure.microsoft.com",
    "AppPublisher": "Microsoft Corporation"
  },
  {
    "DateTime": "2019-12-30T00:00:00+00:00",
    "EndDateTime": "2019-12-30T23:59:59.9999999+00:00",
    "DeviceId": null,
    "Aggregation": "Daily",
    "AppName": "docs.microsoft.com",
    "AppPublisher": "Microsoft Corporation"
  },
  {
    "DateTime": "2019-12-30T00:00:00+00:00",
    "EndDateTime": "2019-12-30T23:59:59.9999999+00:00",
    "DeviceId": null,
    "Aggregation": "Daily",
    "AppName": "visualstudio.microsoft.com",
    "AppPublisher": "Microsoft Corporation"
  },
  {
    "DateTime": "2019-12-29T00:00:00+00:00",
    "EndDateTime": "2019-12-29T23:59:59.9999999+00:00",
    "DeviceId": null,
    "Aggregation": "Daily",
    "AppName": "OneDrive",
    "AppPublisher": "Microsoft Corporation"
  },
  {
    "DateTime": "2019-12-28T00:00:00+00:00",
    "EndDateTime": "2019-12-28T23:59:59.9999999+00:00",
    "DeviceId": null,
    "Aggregation": "Daily",
    "AppName": "OneDrive",
    "AppPublisher": "Microsoft Corporation"
  },
  {
    "DateTime": "2019-12-27T00:00:00+00:00",
    "EndDateTime": "2019-12-27T23:59:59.9999999+00:00",
    "DeviceId": null,
    "Aggregation": "Daily",
    "AppName": "OneDrive",
    "AppPublisher": "Microsoft Corporation"
  },
  {
    "DateTime": "2019-12-26T00:00:00+00:00",
    "EndDateTime": "2019-12-26T23:59:59.9999999+00:00",
    "DeviceId": null,
    "Aggregation": "Daily",
    "AppName": "OneDrive",
    "AppPublisher": "Microsoft Corporation"
  },
  {
    "DateTime": "2019-12-25T00:00:00+00:00",
    "EndDateTime": "2019-12-25T23:59:59.9999999+00:00",
    "DeviceId": null,
    "Aggregation": "Daily",
    "AppName": "OneDrive",
    "AppPublisher": "Microsoft Corporation"
  },
  {
    "DateTime": "2019-12-25T00:00:00+00:00",
    "EndDateTime": "2019-12-25T23:59:59.9999999+00:00",
    "DeviceId": null,
    "Aggregation": "Daily",
    "AppName": "support.microsoft.com",
    "AppPublisher": "Microsoft Corporation"
  },
  {
    "DateTime": "2019-12-25T00:00:00+00:00",
    "EndDateTime": "2019-12-25T23:59:59.9999999+00:00",
    "DeviceId": null,
    "Aggregation": "Daily",
    "AppName": "www.microsoft.com",
    "AppPublisher": "Microsoft Corporation"
  },
  {
    "DateTime": "2019-12-25T00:00:00+00:00",
    "EndDateTime": "2019-12-25T23:59:59.9999999+00:00",
    "DeviceId": null,
    "Aggregation": "Daily",
    "AppName": "office.com",
    "AppPublisher": "Microsoft Corporation"
  },
  {
    "DateTime": "2019-12-24T00:00:00+00:00",
    "EndDateTime": "2019-12-24T23:59:59.9999999+00:00",
    "DeviceId": null,
    "Aggregation": "Daily",
    "AppName": "OneDrive",
    "AppPublisher": "Microsoft Corporation"
  },
  {
    "DateTime": "2019-12-23T00:00:00+00:00",
    "EndDateTime": "2019-12-23T23:59:59.9999999+00:00",
    "DeviceId": null,
    "Aggregation": "Daily",
    "AppName": "OneDrive",
    "AppPublisher": "Microsoft Corporation"
  },
  {
    "DateTime": "2019-12-23T00:00:00+00:00",
    "EndDateTime": "2019-12-23T23:59:59.9999999+00:00",
    "DeviceId": null,
    "Aggregation": "Daily",
    "AppName": "docs.microsoft.com",
    "AppPublisher": "Microsoft Corporation"
  },
  {
    "DateTime": "2019-12-23T00:00:00+00:00",
    "EndDateTime": "2019-12-23T23:59:59.9999999+00:00",
    "DeviceId": null,
    "Aggregation": "Daily",
    "AppName": "account.microsoft.com",
    "AppPublisher": "Microsoft Corporation"
  },
  {
    "DateTime": "2019-12-23T00:00:00+00:00",
    "EndDateTime": "2019-12-23T23:59:59.9999999+00:00",
    "DeviceId": null,
    "Aggregation": "Daily",
    "AppName": "www.microsoft.com",
    "AppPublisher": "Microsoft Corporation"
  },
  {
    "DateTime": "2019-12-22T00:00:00+00:00",
    "EndDateTime": "2019-12-22T23:59:59.9999999+00:00",
    "DeviceId": null,
    "Aggregation": "Daily",
    "AppName": "OneDrive",
    "AppPublisher": "Microsoft Corporation"
  },
  {
    "DateTime": "2019-12-22T00:00:00+00:00",
    "EndDateTime": "2019-12-22T23:59:59.9999999+00:00",
    "DeviceId": null,
    "Aggregation": "Daily",
    "AppName": "support.microsoft.com",
    "AppPublisher": "Microsoft Corporation"
  },
  {
    "DateTime": "2019-12-22T00:00:00+00:00",
    "EndDateTime": "2019-12-22T23:59:59.9999999+00:00",
    "DeviceId": null,
    "Aggregation": "Daily",
    "AppName": "www.microsoft.com",
    "AppPublisher": "Microsoft Corporation"
  },
  {
    "DateTime": "2019-12-22T00:00:00+00:00",
    "EndDateTime": "2019-12-22T23:59:59.9999999+00:00",
    "DeviceId": null,
    "Aggregation": "Daily",
    "AppName": "visualstudio.microsoft.com",
    "AppPublisher": "Microsoft Corporation"
  },
  {
    "DateTime": "2019-12-22T00:00:00+00:00",
    "EndDateTime": "2019-12-22T23:59:59.9999999+00:00",
    "DeviceId": null,
    "Aggregation": "Daily",
    "AppName": "docs.microsoft.com",
    "AppPublisher": "Microsoft Corporation"
  },
  {
    "DateTime": "2019-12-22T00:00:00+00:00",
    "EndDateTime": "2019-12-22T23:59:59.9999999+00:00",
    "DeviceId": null,
    "Aggregation": "Daily",
    "AppName": "azure.microsoft.com",
    "AppPublisher": "Microsoft Corporation"
  },
  {
    "DateTime": "2019-12-21T00:00:00+00:00",
    "EndDateTime": "2019-12-21T23:59:59.9999999+00:00",
    "DeviceId": null,
    "Aggregation": "Daily",
    "AppName": "OneDrive",
    "AppPublisher": "Microsoft Corporation"
  },
  {
    "DateTime": "2019-12-21T00:00:00+00:00",
    "EndDateTime": "2019-12-21T23:59:59.9999999+00:00",
    "DeviceId": null,
    "Aggregation": "Daily",
    "AppName": "support.microsoft.com",
    "AppPublisher": "Microsoft Corporation"
  },
  {
    "DateTime": "2019-12-21T00:00:00+00:00",
    "EndDateTime": "2019-12-21T23:59:59.9999999+00:00",
    "DeviceId": null,
    "Aggregation": "Daily",
    "AppName": "docs.microsoft.com",
    "AppPublisher": "Microsoft Corporation"
  },
  {
    "DateTime": "2019-12-21T00:00:00+00:00",
    "EndDateTime": "2019-12-21T23:59:59.9999999+00:00",
    "DeviceId": null,
    "Aggregation": "Daily",
    "AppName": "www.microsoft.com",
    "AppPublisher": "Microsoft Corporation"
  },
  {
    "DateTime": "2019-12-21T00:00:00+00:00",
    "EndDateTime": "2019-12-21T23:59:59.9999999+00:00",
    "DeviceId": null,
    "Aggregation": "Daily",
    "AppName": "developer.microsoft.com",
    "AppPublisher": "Microsoft Corporation"
  },
  {
    "DateTime": "2019-12-20T00:00:00+00:00",
    "EndDateTime": "2019-12-20T23:59:59.9999999+00:00",
    "DeviceId": null,
    "Aggregation": "Daily",
    "AppName": "OneDrive",
    "AppPublisher": "Microsoft Corporation"
  },
  {
    "DateTime": "2019-12-19T00:00:00+00:00",
    "EndDateTime": "2019-12-19T23:59:59.9999999+00:00",
    "DeviceId": null,
    "Aggregation": "Daily",
    "AppName": "OneDrive",
    "AppPublisher": "Microsoft Corporation"
  },
  {
    "DateTime": "2019-12-18T00:00:00+00:00",
    "EndDateTime": "2019-12-18T23:59:59.9999999+00:00",
    "DeviceId": null,
    "Aggregation": "Daily",
    "AppName": "OneDrive",
    "AppPublisher": "Microsoft Corporation"
  },
  {
    "DateTime": "2019-12-17T00:00:00+00:00",
    "EndDateTime": "2019-12-17T23:59:59.9999999+00:00",
    "DeviceId": null,
    "Aggregation": "Daily",
    "AppName": "OneDrive",
    "AppPublisher": "Microsoft Corporation"
  },
  {
    "DateTime": "2019-12-16T00:00:00+00:00",
    "EndDateTime": "2019-12-16T23:59:59.9999999+00:00",
    "DeviceId": null,
    "Aggregation": "Daily",
    "AppName": "Bing",
    "AppPublisher": "Microsoft Corporation"
  },
  {
    "DateTime": "2019-12-16T00:00:00+00:00",
    "EndDateTime": "2019-12-16T23:59:59.9999999+00:00",
    "DeviceId": null,
    "Aggregation": "Daily",
    "AppName": "OneDrive",
    "AppPublisher": "Microsoft Corporation"
  },
  {
    "DateTime": "2019-12-15T00:00:00+00:00",
    "EndDateTime": "2019-12-15T23:59:59.9999999+00:00",
    "DeviceId": null,
    "Aggregation": "Daily",
    "AppName": "OneDrive",
    "AppPublisher": "Microsoft Corporation"
  },
  {
    "DateTime": "2019-12-14T00:00:00+00:00",
    "EndDateTime": "2019-12-14T23:59:59.9999999+00:00",
    "DeviceId": null,
    "Aggregation": "Daily",
    "AppName": "OneDrive",
    "AppPublisher": "Microsoft Corporation"
  },
  {
    "DateTime": "2019-12-14T00:00:00+00:00",
    "EndDateTime": "2019-12-14T23:59:59.9999999+00:00",
    "DeviceId": null,
    "Aggregation": "Daily",
    "AppName": "www.microsoft.com",
    "AppPublisher": "Microsoft Corporation"
  },
  {
    "DateTime": "2019-12-14T00:00:00+00:00",
    "EndDateTime": "2019-12-14T23:59:59.9999999+00:00",
    "DeviceId": null,
    "Aggregation": "Daily",
    "AppName": "support.microsoft.com",
    "AppPublisher": "Microsoft Corporation"
  },
  {
    "DateTime": "2019-12-14T00:00:00+00:00",
    "EndDateTime": "2019-12-14T23:59:59.9999999+00:00",
    "DeviceId": null,
    "Aggregation": "Daily",
    "AppName": "account.microsoft.com",
    "AppPublisher": "Microsoft Corporation"
  },
  {
    "DateTime": "2019-12-14T00:00:00+00:00",
    "EndDateTime": "2019-12-14T23:59:59.9999999+00:00",
    "DeviceId": null,
    "Aggregation": "Daily",
    "AppName": "docs.microsoft.com",
    "AppPublisher": "Microsoft Corporation"
  },
  {
    "DateTime": "2019-12-14T00:00:00+00:00",
    "EndDateTime": "2019-12-14T23:59:59.9999999+00:00",
    "DeviceId": null,
    "Aggregation": "Daily",
    "AppName": "office.com",
    "AppPublisher": "Microsoft Corporation"
  },
  {
    "DateTime": "2019-12-14T00:00:00+00:00",
    "EndDateTime": "2019-12-14T23:59:59.9999999+00:00",
    "DeviceId": null,
    "Aggregation": "Daily",
    "AppName": "Bing",
    "AppPublisher": "Microsoft Corporation"
  },
  {
    "DateTime": "2019-12-13T00:00:00+00:00",
    "EndDateTime": "2019-12-13T23:59:59.9999999+00:00",
    "DeviceId": null,
    "Aggregation": "Daily",
    "AppName": "OneDrive",
    "AppPublisher": "Microsoft Corporation"
  },
  {
    "DateTime": "2019-12-12T00:00:00+00:00",
    "EndDateTime": "2019-12-12T23:59:59.9999999+00:00",
    "DeviceId": null,
    "Aggregation": "Daily",
    "AppName": "OneDrive",
    "AppPublisher": "Microsoft Corporation"
  },
  {
    "DateTime": "2019-12-11T00:00:00+00:00",
    "EndDateTime": "2019-12-11T23:59:59.9999999+00:00",
    "DeviceId": null,
    "Aggregation": "Daily",
    "AppName": "OneDrive",
    "AppPublisher": "Microsoft Corporation"
  },
  {
    "DateTime": "2019-12-10T00:00:00+00:00",
    "EndDateTime": "2019-12-10T23:59:59.9999999+00:00",
    "DeviceId": null,
    "Aggregation": "Daily",
    "AppName": "OneDrive",
    "AppPublisher": "Microsoft Corporation"
  },
  {
    "DateTime": "2019-12-09T00:00:00+00:00",
    "EndDateTime": "2019-12-09T23:59:59.9999999+00:00",
    "DeviceId": null,
    "Aggregation": "Daily",
    "AppName": "OneDrive",
    "AppPublisher": "Microsoft Corporation"
  },
  {
    "DateTime": "2019-12-09T00:00:00+00:00",
    "EndDateTime": "2019-12-09T23:59:59.9999999+00:00",
    "DeviceId": null,
    "Aggregation": "Daily",
    "AppName": "office.com",
    "AppPublisher": "Microsoft Corporation"
  },
  {
    "DateTime": "2019-12-08T00:00:00+00:00",
    "EndDateTime": "2019-12-08T23:59:59.9999999+00:00",
    "DeviceId": null,
    "Aggregation": "Daily",
    "AppName": "OneDrive",
    "AppPublisher": "Microsoft Corporation"
  },
  {
    "DateTime": "2019-12-07T00:00:00+00:00",
    "EndDateTime": "2019-12-07T23:59:59.9999999+00:00",
    "DeviceId": null,
    "Aggregation": "Daily",
    "AppName": "OneDrive",
    "AppPublisher": "Microsoft Corporation"
  },
  {
    "DateTime": "2019-12-07T00:00:00+00:00",
    "EndDateTime": "2019-12-07T23:59:59.9999999+00:00",
    "DeviceId": null,
    "Aggregation": "Daily",
    "AppName": "account.microsoft.com",
    "AppPublisher": "Microsoft Corporation"
  },
  {
    "DateTime": "2019-12-07T00:00:00+00:00",
    "EndDateTime": "2019-12-07T23:59:59.9999999+00:00",
    "DeviceId": null,
    "Aggregation": "Daily",
    "AppName": "support.microsoft.com",
    "AppPublisher": "Microsoft Corporation"
  },
  {
    "DateTime": "2019-12-07T00:00:00+00:00",
    "EndDateTime": "2019-12-07T23:59:59.9999999+00:00",
    "DeviceId": null,
    "Aggregation": "Daily",
    "AppName": "redeem.microsoft.com",
    "AppPublisher": "Microsoft Corporation"
  },
  {
    "DateTime": "2019-12-07T00:00:00+00:00",
    "EndDateTime": "2019-12-07T23:59:59.9999999+00:00",
    "DeviceId": null,
    "Aggregation": "Daily",
    "AppName": "office.com",
    "AppPublisher": "Microsoft Corporation"
  },
  {
    "DateTime": "2019-12-06T00:00:00+00:00",
    "EndDateTime": "2019-12-06T23:59:59.9999999+00:00",
    "DeviceId": null,
    "Aggregation": "Daily",
    "AppName": "OneDrive",
    "AppPublisher": "Microsoft Corporation"
  },
  {
    "DateTime": "2019-12-05T00:00:00+00:00",
    "EndDateTime": "2019-12-05T23:59:59.9999999+00:00",
    "DeviceId": null,
    "Aggregation": "Daily",
    "AppName": "OneDrive",
    "AppPublisher": "Microsoft Corporation"
  },
  {
    "DateTime": "2019-12-04T00:00:00+00:00",
    "EndDateTime": "2019-12-04T23:59:59.9999999+00:00",
    "DeviceId": null,
    "Aggregation": "Daily",
    "AppName": "OneDrive",
    "AppPublisher": "Microsoft Corporation"
  },
  {
    "DateTime": "2019-12-03T00:00:00+00:00",
    "EndDateTime": "2019-12-03T23:59:59.9999999+00:00",
    "DeviceId": null,
    "Aggregation": "Daily",
    "AppName": "OneDrive",
    "AppPublisher": "Microsoft Corporation"
  },
  {
    "DateTime": "2019-12-02T00:00:00+00:00",
    "EndDateTime": "2019-12-02T23:59:59.9999999+00:00",
    "DeviceId": null,
    "Aggregation": "Daily",
    "AppName": "OneDrive",
    "AppPublisher": "Microsoft Corporation"
  },
  {
    "DateTime": "2019-12-01T00:00:00+00:00",
    "EndDateTime": "2019-12-01T23:59:59.9999999+00:00",
    "DeviceId": null,
    "Aggregation": "Daily",
    "AppName": "OneDrive",
    "AppPublisher": "Microsoft Corporation"
  },
  {
    "DateTime": "2019-11-30T00:00:00+00:00",
    "EndDateTime": "2019-11-30T23:59:59.9999999+00:00",
    "DeviceId": null,
    "Aggregation": "Daily",
    "AppName": "OneDrive",
    "AppPublisher": "Microsoft Corporation"
  },
  {
    "DateTime": "2019-11-29T00:00:00+00:00",
    "EndDateTime": "2019-11-29T23:59:59.9999999+00:00",
    "DeviceId": null,
    "Aggregation": "Daily",
    "AppName": "OneDrive",
    "AppPublisher": "Microsoft Corporation"
  },
  {
    "DateTime": "2019-11-28T00:00:00+00:00",
    "EndDateTime": "2019-11-28T23:59:59.9999999+00:00",
    "DeviceId": null,
    "Aggregation": "Daily",
    "AppName": "OneDrive",
    "AppPublisher": "Microsoft Corporation"
  },
  {
    "DateTime": "2019-11-27T00:00:00+00:00",
    "EndDateTime": "2019-11-27T23:59:59.9999999+00:00",
    "DeviceId": null,
    "Aggregation": "Daily",
    "AppName": "OneDrive",
    "AppPublisher": "Microsoft Corporation"
  },
  {
    "DateTime": "2019-11-26T00:00:00+00:00",
    "EndDateTime": "2019-11-26T23:59:59.9999999+00:00",
    "DeviceId": null,
    "Aggregation": "Daily",
    "AppName": "OneDrive",
    "AppPublisher": "Microsoft Corporation"
  },
  {
    "DateTime": "2019-11-25T00:00:00+00:00",
    "EndDateTime": "2019-11-25T23:59:59.9999999+00:00",
    "DeviceId": null,
    "Aggregation": "Daily",
    "AppName": "OneDrive",
    "AppPublisher": "Microsoft Corporation"
  },
  {
    "DateTime": "2019-11-24T00:00:00+00:00",
    "EndDateTime": "2019-11-24T23:59:59.9999999+00:00",
    "DeviceId": null,
    "Aggregation": "Daily",
    "AppName": "OneDrive",
    "AppPublisher": "Microsoft Corporation"
  },
  {
    "DateTime": "2019-11-23T00:00:00+00:00",
    "EndDateTime": "2019-11-23T23:59:59.9999999+00:00",
    "DeviceId": null,
    "Aggregation": "Daily",
    "AppName": "OneDrive",
    "AppPublisher": "Microsoft Corporation"
  },
  {
    "DateTime": "2019-11-22T00:00:00+00:00",
    "EndDateTime": "2019-11-22T23:59:59.9999999+00:00",
    "DeviceId": null,
    "Aggregation": "Daily",
    "AppName": "OneDrive",
    "AppPublisher": "Microsoft Corporation"
  },
  {
    "DateTime": "2019-11-21T00:00:00+00:00",
    "EndDateTime": "2019-11-21T23:59:59.9999999+00:00",
    "DeviceId": null,
    "Aggregation": "Daily",
    "AppName": "OneDrive",
    "AppPublisher": "Microsoft Corporation"
  },
  {
    "DateTime": "2019-11-20T00:00:00+00:00",
    "EndDateTime": "2019-11-20T23:59:59.9999999+00:00",
    "DeviceId": null,
    "Aggregation": "Daily",
    "AppName": "OneDrive",
    "AppPublisher": "Microsoft Corporation"
  },
  {
    "DateTime": "2019-11-19T00:00:00+00:00",
    "EndDateTime": "2019-11-19T23:59:59.9999999+00:00",
    "DeviceId": null,
    "Aggregation": "Daily",
    "AppName": "OneDrive",
    "AppPublisher": "Microsoft Corporation"
  },
  {
    "DateTime": "2019-11-18T00:00:00+00:00",
    "EndDateTime": "2019-11-18T23:59:59.9999999+00:00",
    "DeviceId": null,
    "Aggregation": "Daily",
    "AppName": "OneDrive",
    "AppPublisher": "Microsoft Corporation"
  },
  {
    "DateTime": "2019-11-17T00:00:00+00:00",
    "EndDateTime": "2019-11-17T23:59:59.9999999+00:00",
    "DeviceId": null,
    "Aggregation": "Daily",
    "AppName": "OneDrive",
    "AppPublisher": "Microsoft Corporation"
  },
  {
    "DateTime": "2019-11-16T00:00:00+00:00",
    "EndDateTime": "2019-11-16T23:59:59.9999999+00:00",
    "DeviceId": null,
    "Aggregation": "Daily",
    "AppName": "OneDrive",
    "AppPublisher": "Microsoft Corporation"
  },
  {
    "DateTime": "2019-11-13T00:00:00+00:00",
    "EndDateTime": "2019-11-13T23:59:59.9999999+00:00",
    "DeviceId": null,
    "Aggregation": "Daily",
    "AppName": "OneDrive",
    "AppPublisher": "Microsoft Corporation"
  },
  {
    "DateTime": "2019-11-12T00:00:00+00:00",
    "EndDateTime": "2019-11-12T23:59:59.9999999+00:00",
    "DeviceId": null,
    "Aggregation": "Daily",
    "AppName": "OneDrive",
    "AppPublisher": "Microsoft Corporation"
  },
  {
    "DateTime": "2019-11-11T00:00:00+00:00",
    "EndDateTime": "2019-11-11T23:59:59.9999999+00:00",
    "DeviceId": null,
    "Aggregation": "Daily",
    "AppName": "OneDrive",
    "AppPublisher": "Microsoft Corporation"
  },
  {
    "DateTime": "2019-11-10T00:00:00+00:00",
    "EndDateTime": "2019-11-10T23:59:59.9999999+00:00",
    "DeviceId": null,
    "Aggregation": "Daily",
    "AppName": "OneDrive",
    "AppPublisher": "Microsoft Corporation"
  },
  {
    "DateTime": "2019-11-09T00:00:00+00:00",
    "EndDateTime": "2019-11-09T23:59:59.9999999+00:00",
    "DeviceId": null,
    "Aggregation": "Daily",
    "AppName": "OneDrive",
    "AppPublisher": "Microsoft Corporation"
  },
  {
    "DateTime": "2019-11-08T00:00:00+00:00",
    "EndDateTime": "2019-11-08T23:59:59.9999999+00:00",
    "DeviceId": null,
    "Aggregation": "Daily",
    "AppName": "OneDrive",
    "AppPublisher": "Microsoft Corporation"
  },
  {
    "DateTime": "2019-11-07T00:00:00+00:00",
    "EndDateTime": "2019-11-07T23:59:59.9999999+00:00",
    "DeviceId": null,
    "Aggregation": "Daily",
    "AppName": "OneDrive",
    "AppPublisher": "Microsoft Corporation"
  },
  {
    "DateTime": "2019-11-06T00:00:00+00:00",
    "EndDateTime": "2019-11-06T23:59:59.9999999+00:00",
    "DeviceId": null,
    "Aggregation": "Daily",
    "AppName": "OneDrive",
    "AppPublisher": "Microsoft Corporation"
  },
  {
    "DateTime": "2019-11-05T00:00:00+00:00",
    "EndDateTime": "2019-11-05T23:59:59.9999999+00:00",
    "DeviceId": null,
    "Aggregation": "Daily",
    "AppName": "OneDrive",
    "AppPublisher": "Microsoft Corporation"
  },
  {
    "DateTime": "2019-11-04T00:00:00+00:00",
    "EndDateTime": "2019-11-04T23:59:59.9999999+00:00",
    "DeviceId": null,
    "Aggregation": "Daily",
    "AppName": "OneDrive",
    "AppPublisher": "Microsoft Corporation"
  },
  {
    "DateTime": "2019-11-03T00:00:00+00:00",
    "EndDateTime": "2019-11-03T23:59:59.9999999+00:00",
    "DeviceId": null,
    "Aggregation": "Daily",
    "AppName": "OneDrive",
    "AppPublisher": "Microsoft Corporation"
  },
  {
    "DateTime": "2019-11-03T00:00:00+00:00",
    "EndDateTime": "2019-11-03T23:59:59.9999999+00:00",
    "DeviceId": null,
    "Aggregation": "Daily",
    "AppName": "support.microsoft.com",
    "AppPublisher": "Microsoft Corporation"
  },
  {
    "DateTime": "2019-11-02T00:00:00+00:00",
    "EndDateTime": "2019-11-02T23:59:59.9999999+00:00",
    "DeviceId": null,
    "Aggregation": "Daily",
    "AppName": "OneDrive",
    "AppPublisher": "Microsoft Corporation"
  },
  {
    "DateTime": "2019-11-01T00:00:00+00:00",
    "EndDateTime": "2019-11-01T23:59:59.9999999+00:00",
    "DeviceId": null,
    "Aggregation": "Daily",
    "AppName": "OneDrive",
    "AppPublisher": "Microsoft Corporation"
  },
  {
    "DateTime": "2019-10-31T00:00:00+00:00",
    "EndDateTime": "2019-10-31T23:59:59.9999999+00:00",
    "DeviceId": null,
    "Aggregation": "Daily",
    "AppName": "OneDrive",
    "AppPublisher": "Microsoft Corporation"
  },
  {
    "DateTime": "2019-10-30T00:00:00+00:00",
    "EndDateTime": "2019-10-30T23:59:59.9999999+00:00",
    "DeviceId": null,
    "Aggregation": "Daily",
    "AppName": "OneDrive",
    "AppPublisher": "Microsoft Corporation"
  },
  {
    "DateTime": "2019-10-29T00:00:00+00:00",
    "EndDateTime": "2019-10-29T23:59:59.9999999+00:00",
    "DeviceId": null,
    "Aggregation": "Daily",
    "AppName": "OneDrive",
    "AppPublisher": "Microsoft Corporation"
  },
  {
    "DateTime": "2019-10-28T00:00:00+00:00",
    "EndDateTime": "2019-10-28T23:59:59.9999999+00:00",
    "DeviceId": null,
    "Aggregation": "Daily",
    "AppName": "OneDrive",
    "AppPublisher": "Microsoft Corporation"
  },
  {
    "DateTime": "2019-10-27T00:00:00+00:00",
    "EndDateTime": "2019-10-27T23:59:59.9999999+00:00",
    "DeviceId": null,
    "Aggregation": "Daily",
    "AppName": "OneDrive",
    "AppPublisher": "Microsoft Corporation"
  },
  {
    "DateTime": "2019-10-26T00:00:00+00:00",
    "EndDateTime": "2019-10-26T23:59:59.9999999+00:00",
    "DeviceId": null,
    "Aggregation": "Daily",
    "AppName": "OneDrive",
    "AppPublisher": "Microsoft Corporation"
  },
  {
    "DateTime": "2019-10-25T00:00:00+00:00",
    "EndDateTime": "2019-10-25T23:59:59.9999999+00:00",
    "DeviceId": null,
    "Aggregation": "Daily",
    "AppName": "OneDrive",
    "AppPublisher": "Microsoft Corporation"
  },
  {
    "DateTime": "2019-10-24T00:00:00+00:00",
    "EndDateTime": "2019-10-24T23:59:59.9999999+00:00",
    "DeviceId": null,
    "Aggregation": "Daily",
    "AppName": "OneDrive",
    "AppPublisher": "Microsoft Corporation"
  },
  {
    "DateTime": "2019-10-23T00:00:00+00:00",
    "EndDateTime": "2019-10-23T23:59:59.9999999+00:00",
    "DeviceId": null,
    "Aggregation": "Daily",
    "AppName": "OneDrive",
    "AppPublisher": "Microsoft Corporation"
  },
  {
    "DateTime": "2019-10-22T00:00:00+00:00",
    "EndDateTime": "2019-10-22T23:59:59.9999999+00:00",
    "DeviceId": null,
    "Aggregation": "Daily",
    "AppName": "OneDrive",
    "AppPublisher": "Microsoft Corporation"
  },
  {
    "DateTime": "2019-10-21T00:00:00+00:00",
    "EndDateTime": "2019-10-21T23:59:59.9999999+00:00",
    "DeviceId": null,
    "Aggregation": "Daily",
    "AppName": "OneDrive",
    "AppPublisher": "Microsoft Corporation"
  },
  {
    "DateTime": "2019-10-20T00:00:00+00:00",
    "EndDateTime": "2019-10-20T23:59:59.9999999+00:00",
    "DeviceId": null,
    "Aggregation": "Daily",
    "AppName": "OneDrive",
    "AppPublisher": "Microsoft Corporation"
  },
  {
    "DateTime": "2019-10-19T00:00:00+00:00",
    "EndDateTime": "2019-10-19T23:59:59.9999999+00:00",
    "DeviceId": null,
    "Aggregation": "Daily",
    "AppName": "OneDrive",
    "AppPublisher": "Microsoft Corporation"
  },
  {
    "DateTime": "2019-10-19T00:00:00+00:00",
    "EndDateTime": "2019-10-19T23:59:59.9999999+00:00",
    "DeviceId": null,
    "Aggregation": "Daily",
    "AppName": "Microsoft Edge for iOS",
    "AppPublisher": "Microsoft Corporation"
  },
  {
    "DateTime": "2019-10-19T00:00:00+00:00",
    "EndDateTime": "2019-10-19T23:59:59.9999999+00:00",
    "DeviceId": null,
    "Aggregation": "Daily",
    "AppName": "Microsoft Outlook",
    "AppPublisher": "Microsoft Corporation"
  },
  {
    "DateTime": "2019-10-18T00:00:00+00:00",
    "EndDateTime": "2019-10-18T23:59:59.9999999+00:00",
    "DeviceId": null,
    "Aggregation": "Daily",
    "AppName": "OneDrive",
    "AppPublisher": "Microsoft Corporation"
  },
  {
    "DateTime": "2019-10-17T00:00:00+00:00",
    "EndDateTime": "2019-10-17T23:59:59.9999999+00:00",
    "DeviceId": null,
    "Aggregation": "Daily",
    "AppName": "OneDrive",
    "AppPublisher": "Microsoft Corporation"
  },
  {
    "DateTime": "2019-10-17T00:00:00+00:00",
    "EndDateTime": "2019-10-17T23:59:59.9999999+00:00",
    "DeviceId": null,
    "Aggregation": "Daily",
    "AppName": "Microsoft Edge for iOS",
    "AppPublisher": "Microsoft Corporation"
  },
  {
    "DateTime": "2019-10-17T00:00:00+00:00",
    "EndDateTime": "2019-10-17T23:59:59.9999999+00:00",
    "DeviceId": null,
    "Aggregation": "Daily",
    "AppName": "Microsoft Outlook",
    "AppPublisher": "Microsoft Corporation"
  },
  {
    "DateTime": "2019-10-16T00:00:00+00:00",
    "EndDateTime": "2019-10-16T23:59:59.9999999+00:00",
    "DeviceId": null,
    "Aggregation": "Daily",
    "AppName": "Microsoft Edge for iOS",
    "AppPublisher": "Microsoft Corporation"
  },
  {
    "DateTime": "2019-10-16T00:00:00+00:00",
    "EndDateTime": "2019-10-16T23:59:59.9999999+00:00",
    "DeviceId": null,
    "Aggregation": "Daily",
    "AppName": "OneDrive",
    "AppPublisher": "Microsoft Corporation"
  },
  {
    "DateTime": "2019-10-16T00:00:00+00:00",
    "EndDateTime": "2019-10-16T23:59:59.9999999+00:00",
    "DeviceId": null,
    "Aggregation": "Daily",
    "AppName": "Microsoft Outlook",
    "AppPublisher": "Microsoft Corporation"
  },
  {
    "DateTime": "2019-10-15T00:00:00+00:00",
    "EndDateTime": "2019-10-15T23:59:59.9999999+00:00",
    "DeviceId": null,
    "Aggregation": "Daily",
    "AppName": "Microsoft OneNote",
    "AppPublisher": "Microsoft Corporation"
  },
  {
    "DateTime": "2019-10-15T00:00:00+00:00",
    "EndDateTime": "2019-10-15T23:59:59.9999999+00:00",
    "DeviceId": null,
    "Aggregation": "Daily",
    "AppName": "OneDrive",
    "AppPublisher": "Microsoft Corporation"
  },
  {
    "DateTime": "2019-10-15T00:00:00+00:00",
    "EndDateTime": "2019-10-15T23:59:59.9999999+00:00",
    "DeviceId": null,
    "Aggregation": "Daily",
    "AppName": "Microsoft Outlook",
    "AppPublisher": "Microsoft Corporation"
  },
  {
    "DateTime": "2019-10-14T00:00:00+00:00",
    "EndDateTime": "2019-10-14T23:59:59.9999999+00:00",
    "DeviceId": null,
    "Aggregation": "Daily",
    "AppName": "Microsoft Edge for iOS",
    "AppPublisher": "Microsoft Corporation"
  },
  {
    "DateTime": "2019-10-14T00:00:00+00:00",
    "EndDateTime": "2019-10-14T23:59:59.9999999+00:00",
    "DeviceId": null,
    "Aggregation": "Daily",
    "AppName": "OneDrive",
    "AppPublisher": "Microsoft Corporation"
  },
  {
    "DateTime": "2019-10-14T00:00:00+00:00",
    "EndDateTime": "2019-10-14T23:59:59.9999999+00:00",
    "DeviceId": null,
    "Aggregation": "Daily",
    "AppName": "Microsoft Outlook",
    "AppPublisher": "Microsoft Corporation"
  },
  {
    "DateTime": "2019-10-13T00:00:00+00:00",
    "EndDateTime": "2019-10-13T23:59:59.9999999+00:00",
    "DeviceId": null,
    "Aggregation": "Daily",
    "AppName": "Microsoft Edge for iOS",
    "AppPublisher": "Microsoft Corporation"
  },
  {
    "DateTime": "2019-10-13T00:00:00+00:00",
    "EndDateTime": "2019-10-13T23:59:59.9999999+00:00",
    "DeviceId": null,
    "Aggregation": "Daily",
    "AppName": "OneDrive",
    "AppPublisher": "Microsoft Corporation"
  },
  {
    "DateTime": "2019-10-13T00:00:00+00:00",
    "EndDateTime": "2019-10-13T23:59:59.9999999+00:00",
    "DeviceId": null,
    "Aggregation": "Daily",
    "AppName": "Microsoft Outlook",
    "AppPublisher": "Microsoft Corporation"
  },
  {
    "DateTime": "2019-10-12T00:00:00+00:00",
    "EndDateTime": "2019-10-12T23:59:59.9999999+00:00",
    "DeviceId": null,
    "Aggregation": "Daily",
    "AppName": "Microsoft Edge for iOS",
    "AppPublisher": "Microsoft Corporation"
  },
  {
    "DateTime": "2019-10-12T00:00:00+00:00",
    "EndDateTime": "2019-10-12T23:59:59.9999999+00:00",
    "DeviceId": null,
    "Aggregation": "Daily",
    "AppName": "OneDrive",
    "AppPublisher": "Microsoft Corporation"
  },
  {
    "DateTime": "2019-10-12T00:00:00+00:00",
    "EndDateTime": "2019-10-12T23:59:59.9999999+00:00",
    "DeviceId": null,
    "Aggregation": "Daily",
    "AppName": "Microsoft Outlook",
    "AppPublisher": "Microsoft Corporation"
  },
  {
    "DateTime": "2019-10-11T00:00:00+00:00",
    "EndDateTime": "2019-10-11T23:59:59.9999999+00:00",
    "DeviceId": null,
    "Aggregation": "Daily",
    "AppName": "OneDrive",
    "AppPublisher": "Microsoft Corporation"
  },
  {
    "DateTime": "2019-10-11T00:00:00+00:00",
    "EndDateTime": "2019-10-11T23:59:59.9999999+00:00",
    "DeviceId": null,
    "Aggregation": "Daily",
    "AppName": "Microsoft Outlook",
    "AppPublisher": "Microsoft Corporation"
  },
  {
    "DateTime": "2019-10-10T00:00:00+00:00",
    "EndDateTime": "2019-10-10T23:59:59.9999999+00:00",
    "DeviceId": null,
    "Aggregation": "Daily",
    "AppName": "OneDrive",
    "AppPublisher": "Microsoft Corporation"
  },
  {
    "DateTime": "2019-10-10T00:00:00+00:00",
    "EndDateTime": "2019-10-10T23:59:59.9999999+00:00",
    "DeviceId": null,
    "Aggregation": "Daily",
    "AppName": "Microsoft Edge for iOS",
    "AppPublisher": "Microsoft Corporation"
  },
  {
    "DateTime": "2019-10-10T00:00:00+00:00",
    "EndDateTime": "2019-10-10T23:59:59.9999999+00:00",
    "DeviceId": null,
    "Aggregation": "Daily",
    "AppName": "Microsoft Outlook",
    "AppPublisher": "Microsoft Corporation"
  },
  {
    "DateTime": "2019-10-09T00:00:00+00:00",
    "EndDateTime": "2019-10-09T23:59:59.9999999+00:00",
    "DeviceId": null,
    "Aggregation": "Daily",
    "AppName": "Microsoft Edge for iOS",
    "AppPublisher": "Microsoft Corporation"
  },
  {
    "DateTime": "2019-10-09T00:00:00+00:00",
    "EndDateTime": "2019-10-09T23:59:59.9999999+00:00",
    "DeviceId": null,
    "Aggregation": "Daily",
    "AppName": "OneDrive",
    "AppPublisher": "Microsoft Corporation"
  },
  {
    "DateTime": "2019-10-09T00:00:00+00:00",
    "EndDateTime": "2019-10-09T23:59:59.9999999+00:00",
    "DeviceId": null,
    "Aggregation": "Daily",
    "AppName": "Microsoft Outlook",
    "AppPublisher": "Microsoft Corporation"
  },
  {
    "DateTime": "2019-10-08T00:00:00+00:00",
    "EndDateTime": "2019-10-08T23:59:59.9999999+00:00",
    "DeviceId": null,
    "Aggregation": "Daily",
    "AppName": "OneDrive",
    "AppPublisher": "Microsoft Corporation"
  },
  {
    "DateTime": "2019-10-08T00:00:00+00:00",
    "EndDateTime": "2019-10-08T23:59:59.9999999+00:00",
    "DeviceId": null,
    "Aggregation": "Daily",
    "AppName": "Microsoft Edge for iOS",
    "AppPublisher": "Microsoft Corporation"
  },
  {
    "DateTime": "2019-10-08T00:00:00+00:00",
    "EndDateTime": "2019-10-08T23:59:59.9999999+00:00",
    "DeviceId": null,
    "Aggregation": "Daily",
    "AppName": "Microsoft Outlook",
    "AppPublisher": "Microsoft Corporation"
  },
  {
    "DateTime": "2019-10-07T00:00:00+00:00",
    "EndDateTime": "2019-10-07T23:59:59.9999999+00:00",
    "DeviceId": null,
    "Aggregation": "Daily",
    "AppName": "OneDrive",
    "AppPublisher": "Microsoft Corporation"
  },
  {
    "DateTime": "2019-10-07T00:00:00+00:00",
    "EndDateTime": "2019-10-07T23:59:59.9999999+00:00",
    "DeviceId": null,
    "Aggregation": "Daily",
    "AppName": "Microsoft Edge for iOS",
    "AppPublisher": "Microsoft Corporation"
  },
  {
    "DateTime": "2019-10-07T00:00:00+00:00",
    "EndDateTime": "2019-10-07T23:59:59.9999999+00:00",
    "DeviceId": null,
    "Aggregation": "Daily",
    "AppName": "Microsoft Outlook",
    "AppPublisher": "Microsoft Corporation"
  },
  {
    "DateTime": "2019-10-06T00:00:00+00:00",
    "EndDateTime": "2019-10-06T23:59:59.9999999+00:00",
    "DeviceId": null,
    "Aggregation": "Daily",
    "AppName": "OneDrive",
    "AppPublisher": "Microsoft Corporation"
  },
  {
    "DateTime": "2019-10-06T00:00:00+00:00",
    "EndDateTime": "2019-10-06T23:59:59.9999999+00:00",
    "DeviceId": null,
    "Aggregation": "Daily",
    "AppName": "Microsoft Outlook",
    "AppPublisher": "Microsoft Corporation"
  },
  {
    "DateTime": "2019-10-05T00:00:00+00:00",
    "EndDateTime": "2019-10-05T23:59:59.9999999+00:00",
    "DeviceId": null,
    "Aggregation": "Daily",
    "AppName": "OneDrive",
    "AppPublisher": "Microsoft Corporation"
  },
  {
    "DateTime": "2019-10-05T00:00:00+00:00",
    "EndDateTime": "2019-10-05T23:59:59.9999999+00:00",
    "DeviceId": null,
    "Aggregation": "Daily",
    "AppName": "Microsoft Outlook",
    "AppPublisher": "Microsoft Corporation"
  },
  {
    "DateTime": "2019-10-04T00:00:00+00:00",
    "EndDateTime": "2019-10-04T23:59:59.9999999+00:00",
    "DeviceId": null,
    "Aggregation": "Daily",
    "AppName": "OneDrive",
    "AppPublisher": "Microsoft Corporation"
  },
  {
    "DateTime": "2019-10-03T00:00:00+00:00",
    "EndDateTime": "2019-10-03T23:59:59.9999999+00:00",
    "DeviceId": null,
    "Aggregation": "Daily",
    "AppName": "OneDrive",
    "AppPublisher": "Microsoft Corporation"
  },
  {
    "DateTime": "2019-10-03T00:00:00+00:00",
    "EndDateTime": "2019-10-03T23:59:59.9999999+00:00",
    "DeviceId": null,
    "Aggregation": "Daily",
    "AppName": "Microsoft Outlook",
    "AppPublisher": "Microsoft Corporation"
  },
  {
    "DateTime": "2019-10-02T00:00:00+00:00",
    "EndDateTime": "2019-10-02T23:59:59.9999999+00:00",
    "DeviceId": null,
    "Aggregation": "Daily",
    "AppName": "Microsoft Edge for iOS",
    "AppPublisher": "Microsoft Corporation"
  },
  {
    "DateTime": "2019-10-02T00:00:00+00:00",
    "EndDateTime": "2019-10-02T23:59:59.9999999+00:00",
    "DeviceId": null,
    "Aggregation": "Daily",
    "AppName": "OneDrive",
    "AppPublisher": "Microsoft Corporation"
  },
  {
    "DateTime": "2019-10-02T00:00:00+00:00",
    "EndDateTime": "2019-10-02T23:59:59.9999999+00:00",
    "DeviceId": null,
    "Aggregation": "Daily",
    "AppName": "Microsoft Outlook",
    "AppPublisher": "Microsoft Corporation"
  },
  {
    "DateTime": "2019-10-01T00:00:00+00:00",
    "EndDateTime": "2019-10-01T23:59:59.9999999+00:00",
    "DeviceId": null,
    "Aggregation": "Daily",
    "AppName": "OneDrive",
    "AppPublisher": "Microsoft Corporation"
  },
  {
    "DateTime": "2019-10-01T00:00:00+00:00",
    "EndDateTime": "2019-10-01T23:59:59.9999999+00:00",
    "DeviceId": null,
    "Aggregation": "Daily",
    "AppName": "Microsoft Outlook",
    "AppPublisher": "Microsoft Corporation"
  },
  {
    "DateTime": "2019-09-30T00:00:00+00:00",
    "EndDateTime": "2019-09-30T23:59:59.9999999+00:00",
    "DeviceId": null,
    "Aggregation": "Daily",
    "AppName": "Microsoft Edge for iOS",
    "AppPublisher": "Microsoft Corporation"
  },
  {
    "DateTime": "2019-09-30T00:00:00+00:00",
    "EndDateTime": "2019-09-30T23:59:59.9999999+00:00",
    "DeviceId": null,
    "Aggregation": "Daily",
    "AppName": "OneDrive",
    "AppPublisher": "Microsoft Corporation"
  },
  {
    "DateTime": "2019-09-30T00:00:00+00:00",
    "EndDateTime": "2019-09-30T23:59:59.9999999+00:00",
    "DeviceId": null,
    "Aggregation": "Daily",
    "AppName": "Microsoft Outlook",
    "AppPublisher": "Microsoft Corporation"
  },
  {
    "DateTime": "2019-09-29T00:00:00+00:00",
    "EndDateTime": "2019-09-29T23:59:59.9999999+00:00",
    "DeviceId": null,
    "Aggregation": "Daily",
    "AppName": "Microsoft Edge for iOS",
    "AppPublisher": "Microsoft Corporation"
  },
  {
    "DateTime": "2019-09-29T00:00:00+00:00",
    "EndDateTime": "2019-09-29T23:59:59.9999999+00:00",
    "DeviceId": null,
    "Aggregation": "Daily",
    "AppName": "OneDrive",
    "AppPublisher": "Microsoft Corporation"
  },
  {
    "DateTime": "2019-09-29T00:00:00+00:00",
    "EndDateTime": "2019-09-29T23:59:59.9999999+00:00",
    "DeviceId": null,
    "Aggregation": "Daily",
    "AppName": "Mixer",
    "AppPublisher": "Unknown"
  },
  {
    "DateTime": "2019-09-29T00:00:00+00:00",
    "EndDateTime": "2019-09-29T23:59:59.9999999+00:00",
    "DeviceId": null,
    "Aggregation": "Daily",
    "AppName": "Microsoft Outlook",
    "AppPublisher": "Microsoft Corporation"
  },
  {
    "DateTime": "2019-09-28T00:00:00+00:00",
    "EndDateTime": "2019-09-28T23:59:59.9999999+00:00",
    "DeviceId": null,
    "Aggregation": "Daily",
    "AppName": "OneDrive",
    "AppPublisher": "Microsoft Corporation"
  },
  {
    "DateTime": "2019-09-27T00:00:00+00:00",
    "EndDateTime": "2019-09-27T23:59:59.9999999+00:00",
    "DeviceId": null,
    "Aggregation": "Daily",
    "AppName": "Office Shared Components",
    "AppPublisher": "Microsoft Corporation"
  },
  {
    "DateTime": "2019-09-27T00:00:00+00:00",
    "EndDateTime": "2019-09-27T23:59:59.9999999+00:00",
    "DeviceId": null,
    "Aggregation": "Daily",
    "AppName": "Microsoft Edge for iOS",
    "AppPublisher": "Microsoft Corporation"
  },
  {
    "DateTime": "2019-09-27T00:00:00+00:00",
    "EndDateTime": "2019-09-27T23:59:59.9999999+00:00",
    "DeviceId": null,
    "Aggregation": "Daily",
    "AppName": "OneDrive",
    "AppPublisher": "Microsoft Corporation"
  },
  {
    "DateTime": "2019-09-27T00:00:00+00:00",
    "EndDateTime": "2019-09-27T23:59:59.9999999+00:00",
    "DeviceId": null,
    "Aggregation": "Daily",
    "AppName": "onedrive.live.com",
    "AppPublisher": "Microsoft Corporation"
  },
  {
    "DateTime": "2019-09-26T00:00:00+00:00",
    "EndDateTime": "2019-09-26T23:59:59.9999999+00:00",
    "DeviceId": null,
    "Aggregation": "Daily",
    "AppName": "OneDrive",
    "AppPublisher": "Microsoft Corporation"
  },
  {
    "DateTime": "2019-09-26T00:00:00+00:00",
    "EndDateTime": "2019-09-26T23:59:59.9999999+00:00",
    "DeviceId": null,
    "Aggregation": "Daily",
    "AppName": "Microsoft Edge for iOS",
    "AppPublisher": "Microsoft Corporation"
  },
  {
    "DateTime": "2019-09-26T00:00:00+00:00",
    "EndDateTime": "2019-09-26T23:59:59.9999999+00:00",
    "DeviceId": null,
    "Aggregation": "Daily",
    "AppName": "Microsoft Outlook",
    "AppPublisher": "Microsoft Corporation"
  },
  {
    "DateTime": "2019-09-25T00:00:00+00:00",
    "EndDateTime": "2019-09-25T23:59:59.9999999+00:00",
    "DeviceId": null,
    "Aggregation": "Daily",
    "AppName": "OneDrive",
    "AppPublisher": "Microsoft Corporation"
  },
  {
    "DateTime": "2019-09-24T00:00:00+00:00",
    "EndDateTime": "2019-09-24T23:59:59.9999999+00:00",
    "DeviceId": null,
    "Aggregation": "Daily",
    "AppName": "OneDrive",
    "AppPublisher": "Microsoft Corporation"
  },
  {
    "DateTime": "2019-09-24T00:00:00+00:00",
    "EndDateTime": "2019-09-24T23:59:59.9999999+00:00",
    "DeviceId": null,
    "Aggregation": "Daily",
    "AppName": "Bing",
    "AppPublisher": "Microsoft Corporation"
  },
  {
    "DateTime": "2019-09-23T00:00:00+00:00",
    "EndDateTime": "2019-09-23T23:59:59.9999999+00:00",
    "DeviceId": null,
    "Aggregation": "Daily",
    "AppName": "OneDrive",
    "AppPublisher": "Microsoft Corporation"
  },
  {
    "DateTime": "2019-09-21T00:00:00+00:00",
    "EndDateTime": "2019-09-21T23:59:59.9999999+00:00",
    "DeviceId": null,
    "Aggregation": "Daily",
    "AppName": "Microsoft Outlook",
    "AppPublisher": "Microsoft Corporation"
  },
  {
    "DateTime": "2019-09-20T00:00:00+00:00",
    "EndDateTime": "2019-09-20T23:59:59.9999999+00:00",
    "DeviceId": null,
    "Aggregation": "Daily",
    "AppName": "Microsoft Outlook",
    "AppPublisher": "Microsoft Corporation"
  },
  {
    "DateTime": "2019-09-17T00:00:00+00:00",
    "EndDateTime": "2019-09-17T23:59:59.9999999+00:00",
    "DeviceId": null,
    "Aggregation": "Daily",
    "AppName": "OneDrive",
    "AppPublisher": "Microsoft Corporation"
  },
  {
    "DateTime": "2019-09-17T00:00:00+00:00",
    "EndDateTime": "2019-09-17T23:59:59.9999999+00:00",
    "DeviceId": null,
    "Aggregation": "Daily",
    "AppName": "Microsoft Outlook",
    "AppPublisher": "Microsoft Corporation"
  },
  {
    "DateTime": "2019-09-16T00:00:00+00:00",
    "EndDateTime": "2019-09-16T23:59:59.9999999+00:00",
    "DeviceId": null,
    "Aggregation": "Daily",
    "AppName": "OneDrive",
    "AppPublisher": "Microsoft Corporation"
  },
  {
    "DateTime": "2019-09-16T00:00:00+00:00",
    "EndDateTime": "2019-09-16T23:59:59.9999999+00:00",
    "DeviceId": null,
    "Aggregation": "Daily",
    "AppName": "Microsoft Outlook",
    "AppPublisher": "Microsoft Corporation"
  },
  {
    "DateTime": "2019-09-15T00:00:00+00:00",
    "EndDateTime": "2019-09-15T23:59:59.9999999+00:00",
    "DeviceId": null,
    "Aggregation": "Daily",
    "AppName": "OneDrive",
    "AppPublisher": "Microsoft Corporation"
  },
  {
    "DateTime": "2019-09-14T00:00:00+00:00",
    "EndDateTime": "2019-09-14T23:59:59.9999999+00:00",
    "DeviceId": null,
    "Aggregation": "Daily",
    "AppName": "OneDrive",
    "AppPublisher": "Microsoft Corporation"
  },
  {
    "DateTime": "2019-09-14T00:00:00+00:00",
    "EndDateTime": "2019-09-14T23:59:59.9999999+00:00",
    "DeviceId": null,
    "Aggregation": "Daily",
    "AppName": "Microsoft Outlook",
    "AppPublisher": "Microsoft Corporation"
  },
  {
    "DateTime": "2019-09-13T00:00:00+00:00",
    "EndDateTime": "2019-09-13T23:59:59.9999999+00:00",
    "DeviceId": null,
    "Aggregation": "Daily",
    "AppName": "OneDrive",
    "AppPublisher": "Microsoft Corporation"
  },
  {
    "DateTime": "2019-09-13T00:00:00+00:00",
    "EndDateTime": "2019-09-13T23:59:59.9999999+00:00",
    "DeviceId": null,
    "Aggregation": "Daily",
    "AppName": "Microsoft Outlook",
    "AppPublisher": "Microsoft Corporation"
  },
  {
    "DateTime": "2019-09-12T00:00:00+00:00",
    "EndDateTime": "2019-09-12T23:59:59.9999999+00:00",
    "DeviceId": null,
    "Aggregation": "Daily",
    "AppName": "OneDrive",
    "AppPublisher": "Microsoft Corporation"
  },
  {
    "DateTime": "2019-09-12T00:00:00+00:00",
    "EndDateTime": "2019-09-12T23:59:59.9999999+00:00",
    "DeviceId": null,
    "Aggregation": "Daily",
    "AppName": "Microsoft Outlook",
    "AppPublisher": "Microsoft Corporation"
  },
  {
    "DateTime": "2019-09-11T00:00:00+00:00",
    "EndDateTime": "2019-09-11T23:59:59.9999999+00:00",
    "DeviceId": null,
    "Aggregation": "Daily",
    "AppName": "OneDrive",
    "AppPublisher": "Microsoft Corporation"
  },
  {
    "DateTime": "2019-09-11T00:00:00+00:00",
    "EndDateTime": "2019-09-11T23:59:59.9999999+00:00",
    "DeviceId": null,
    "Aggregation": "Daily",
    "AppName": "Microsoft Outlook",
    "AppPublisher": "Microsoft Corporation"
  },
  {
    "DateTime": "2019-09-10T00:00:00+00:00",
    "EndDateTime": "2019-09-10T23:59:59.9999999+00:00",
    "DeviceId": null,
    "Aggregation": "Daily",
    "AppName": "OneDrive",
    "AppPublisher": "Microsoft Corporation"
  },
  {
    "DateTime": "2019-09-10T00:00:00+00:00",
    "EndDateTime": "2019-09-10T23:59:59.9999999+00:00",
    "DeviceId": null,
    "Aggregation": "Daily",
    "AppName": "Microsoft Outlook",
    "AppPublisher": "Microsoft Corporation"
  },
  {
    "DateTime": "2019-09-10T00:00:00+00:00",
    "EndDateTime": "2019-09-10T23:59:59.9999999+00:00",
    "DeviceId": null,
    "Aggregation": "Daily",
    "AppName": "docs.microsoft.com",
    "AppPublisher": "Microsoft Corporation"
  },
  {
    "DateTime": "2019-09-09T00:00:00+00:00",
    "EndDateTime": "2019-09-09T23:59:59.9999999+00:00",
    "DeviceId": null,
    "Aggregation": "Daily",
    "AppName": "OneDrive",
    "AppPublisher": "Microsoft Corporation"
  },
  {
    "DateTime": "2019-09-09T00:00:00+00:00",
    "EndDateTime": "2019-09-09T23:59:59.9999999+00:00",
    "DeviceId": null,
    "Aggregation": "Daily",
    "AppName": "Microsoft Outlook",
    "AppPublisher": "Microsoft Corporation"
  },
  {
    "DateTime": "2019-09-09T00:00:00+00:00",
    "EndDateTime": "2019-09-09T23:59:59.9999999+00:00",
    "DeviceId": null,
    "Aggregation": "Daily",
    "AppName": "www.microsoft.com",
    "AppPublisher": "Microsoft Corporation"
  },
  {
    "DateTime": "2019-09-08T00:00:00+00:00",
    "EndDateTime": "2019-09-08T23:59:59.9999999+00:00",
    "DeviceId": null,
    "Aggregation": "Daily",
    "AppName": "OneDrive",
    "AppPublisher": "Microsoft Corporation"
  },
  {
    "DateTime": "2019-09-08T00:00:00+00:00",
    "EndDateTime": "2019-09-08T23:59:59.9999999+00:00",
    "DeviceId": null,
    "Aggregation": "Daily",
    "AppName": "Microsoft Outlook",
    "AppPublisher": "Microsoft Corporation"
  },
  {
    "DateTime": "2019-09-07T00:00:00+00:00",
    "EndDateTime": "2019-09-07T23:59:59.9999999+00:00",
    "DeviceId": null,
    "Aggregation": "Daily",
    "AppName": "OneDrive",
    "AppPublisher": "Microsoft Corporation"
  },
  {
    "DateTime": "2019-09-06T00:00:00+00:00",
    "EndDateTime": "2019-09-06T23:59:59.9999999+00:00",
    "DeviceId": null,
    "Aggregation": "Daily",
    "AppName": "OneDrive",
    "AppPublisher": "Microsoft Corporation"
  },
  {
    "DateTime": "2019-09-05T00:00:00+00:00",
    "EndDateTime": "2019-09-05T23:59:59.9999999+00:00",
    "DeviceId": null,
    "Aggregation": "Daily",
    "AppName": "OneDrive",
    "AppPublisher": "Microsoft Corporation"
  },
  {
    "DateTime": "2019-09-05T00:00:00+00:00",
    "EndDateTime": "2019-09-05T23:59:59.9999999+00:00",
    "DeviceId": null,
    "Aggregation": "Daily",
    "AppName": "Microsoft Outlook",
    "AppPublisher": "Microsoft Corporation"
  },
  {
    "DateTime": "2019-09-04T00:00:00+00:00",
    "EndDateTime": "2019-09-04T23:59:59.9999999+00:00",
    "DeviceId": null,
    "Aggregation": "Daily",
    "AppName": "onedrive.live.com",
    "AppPublisher": "Microsoft Corporation"
  },
  {
    "DateTime": "2019-09-04T00:00:00+00:00",
    "EndDateTime": "2019-09-04T23:59:59.9999999+00:00",
    "DeviceId": null,
    "Aggregation": "Daily",
    "AppName": "OneDrive",
    "AppPublisher": "Microsoft Corporation"
  },
  {
    "DateTime": "2019-09-04T00:00:00+00:00",
    "EndDateTime": "2019-09-04T23:59:59.9999999+00:00",
    "DeviceId": null,
    "Aggregation": "Daily",
    "AppName": "Office Shared Components",
    "AppPublisher": "Microsoft Corporation"
  },
  {
    "DateTime": "2019-09-04T00:00:00+00:00",
    "EndDateTime": "2019-09-04T23:59:59.9999999+00:00",
    "DeviceId": null,
    "Aggregation": "Daily",
    "AppName": "Microsoft Outlook",
    "AppPublisher": "Microsoft Corporation"
  },
  {
    "DateTime": "2019-09-03T00:00:00+00:00",
    "EndDateTime": "2019-09-03T23:59:59.9999999+00:00",
    "DeviceId": null,
    "Aggregation": "Daily",
    "AppName": "OneDrive",
    "AppPublisher": "Microsoft Corporation"
  },
  {
    "DateTime": "2019-09-03T00:00:00+00:00",
    "EndDateTime": "2019-09-03T23:59:59.9999999+00:00",
    "DeviceId": null,
    "Aggregation": "Daily",
    "AppName": "Microsoft Outlook",
    "AppPublisher": "Microsoft Corporation"
  },
  {
    "DateTime": "2019-09-02T00:00:00+00:00",
    "EndDateTime": "2019-09-02T23:59:59.9999999+00:00",
    "DeviceId": null,
    "Aggregation": "Daily",
    "AppName": "Microsoft Word",
    "AppPublisher": "Microsoft Corporation"
  },
  {
    "DateTime": "2019-09-02T00:00:00+00:00",
    "EndDateTime": "2019-09-02T23:59:59.9999999+00:00",
    "DeviceId": null,
    "Aggregation": "Daily",
    "AppName": "OneDrive",
    "AppPublisher": "Microsoft Corporation"
  },
  {
    "DateTime": "2019-09-01T00:00:00+00:00",
    "EndDateTime": "2019-09-01T23:59:59.9999999+00:00",
    "DeviceId": null,
    "Aggregation": "Daily",
    "AppName": "Microsoft OneNote",
    "AppPublisher": "Microsoft Corporation"
  },
  {
    "DateTime": "2019-09-01T00:00:00+00:00",
    "EndDateTime": "2019-09-01T23:59:59.9999999+00:00",
    "DeviceId": null,
    "Aggregation": "Daily",
    "AppName": "Microsoft Word",
    "AppPublisher": "Microsoft Corporation"
  },
  {
    "DateTime": "2019-09-01T00:00:00+00:00",
    "EndDateTime": "2019-09-01T23:59:59.9999999+00:00",
    "DeviceId": null,
    "Aggregation": "Daily",
    "AppName": "OneDrive",
    "AppPublisher": "Microsoft Corporation"
  },
  {
    "DateTime": "2019-09-01T00:00:00+00:00",
    "EndDateTime": "2019-09-01T23:59:59.9999999+00:00",
    "DeviceId": null,
    "Aggregation": "Daily",
    "AppName": "Microsoft Outlook",
    "AppPublisher": "Microsoft Corporation"
  },
  {
    "DateTime": "2019-09-01T00:00:00+00:00",
    "EndDateTime": "2019-09-01T23:59:59.9999999+00:00",
    "DeviceId": null,
    "Aggregation": "Daily",
    "AppName": "Bing",
    "AppPublisher": "Microsoft Corporation"
  },
  {
    "DateTime": "2019-09-01T00:00:00+00:00",
    "EndDateTime": "2019-09-01T23:59:59.9999999+00:00",
    "DeviceId": null,
    "Aggregation": "Daily",
    "AppName": "Office Shared Components",
    "AppPublisher": "Microsoft Corporation"
  },
  {
    "DateTime": "2019-09-01T00:00:00+00:00",
    "EndDateTime": "2019-09-01T23:59:59.9999999+00:00",
    "DeviceId": null,
    "Aggregation": "Daily",
    "AppName": "account.microsoft.com",
    "AppPublisher": "Microsoft Corporation"
  },
  {
    "DateTime": "2019-09-01T00:00:00+00:00",
    "EndDateTime": "2019-09-01T23:59:59.9999999+00:00",
    "DeviceId": null,
    "Aggregation": "Daily",
    "AppName": "onedrive.live.com",
    "AppPublisher": "Microsoft Corporation"
  },
  {
    "DateTime": "2019-08-31T00:00:00+00:00",
    "EndDateTime": "2019-08-31T23:59:59.9999999+00:00",
    "DeviceId": null,
    "Aggregation": "Daily",
    "AppName": "Microsoft Outlook",
    "AppPublisher": "Microsoft Corporation"
  },
  {
    "DateTime": "2019-08-31T00:00:00+00:00",
    "EndDateTime": "2019-08-31T23:59:59.9999999+00:00",
    "DeviceId": null,
    "Aggregation": "Daily",
    "AppName": "OneDrive",
    "AppPublisher": "Microsoft Corporation"
  },
  {
    "DateTime": "2019-08-30T00:00:00+00:00",
    "EndDateTime": "2019-08-30T23:59:59.9999999+00:00",
    "DeviceId": null,
    "Aggregation": "Daily",
    "AppName": "Microsoft Outlook",
    "AppPublisher": "Microsoft Corporation"
  },
  {
    "DateTime": "2019-08-30T00:00:00+00:00",
    "EndDateTime": "2019-08-30T23:59:59.9999999+00:00",
    "DeviceId": null,
    "Aggregation": "Daily",
    "AppName": "OneDrive",
    "AppPublisher": "Microsoft Corporation"
  },
  {
    "DateTime": "2019-08-29T00:00:00+00:00",
    "EndDateTime": "2019-08-29T23:59:59.9999999+00:00",
    "DeviceId": null,
    "Aggregation": "Daily",
    "AppName": "OneDrive",
    "AppPublisher": "Microsoft Corporation"
  },
  {
    "DateTime": "2019-08-29T00:00:00+00:00",
    "EndDateTime": "2019-08-29T23:59:59.9999999+00:00",
    "DeviceId": null,
    "Aggregation": "Daily",
    "AppName": "Microsoft Outlook",
    "AppPublisher": "Microsoft Corporation"
  },
  {
    "DateTime": "2019-08-28T00:00:00+00:00",
    "EndDateTime": "2019-08-28T23:59:59.9999999+00:00",
    "DeviceId": null,
    "Aggregation": "Daily",
    "AppName": "OneDrive",
    "AppPublisher": "Microsoft Corporation"
  },
  {
    "DateTime": "2019-08-28T00:00:00+00:00",
    "EndDateTime": "2019-08-28T23:59:59.9999999+00:00",
    "DeviceId": null,
    "Aggregation": "Daily",
    "AppName": "Microsoft Outlook",
    "AppPublisher": "Microsoft Corporation"
  },
  {
    "DateTime": "2019-08-27T00:00:00+00:00",
    "EndDateTime": "2019-08-27T23:59:59.9999999+00:00",
    "DeviceId": null,
    "Aggregation": "Daily",
    "AppName": "OneDrive",
    "AppPublisher": "Microsoft Corporation"
  },
  {
    "DateTime": "2019-08-27T00:00:00+00:00",
    "EndDateTime": "2019-08-27T23:59:59.9999999+00:00",
    "DeviceId": null,
    "Aggregation": "Daily",
    "AppName": "Microsoft Outlook",
    "AppPublisher": "Microsoft Corporation"
  },
  {
    "DateTime": "2019-08-26T00:00:00+00:00",
    "EndDateTime": "2019-08-26T23:59:59.9999999+00:00",
    "DeviceId": null,
    "Aggregation": "Daily",
    "AppName": "OneDrive",
    "AppPublisher": "Microsoft Corporation"
  },
  {
    "DateTime": "2019-08-26T00:00:00+00:00",
    "EndDateTime": "2019-08-26T23:59:59.9999999+00:00",
    "DeviceId": null,
    "Aggregation": "Daily",
    "AppName": "Microsoft Outlook",
    "AppPublisher": "Microsoft Corporation"
  },
  {
    "DateTime": "2019-08-25T00:00:00+00:00",
    "EndDateTime": "2019-08-25T23:59:59.9999999+00:00",
    "DeviceId": null,
    "Aggregation": "Daily",
    "AppName": "OneDrive",
    "AppPublisher": "Microsoft Corporation"
  },
  {
    "DateTime": "2019-08-24T00:00:00+00:00",
    "EndDateTime": "2019-08-24T23:59:59.9999999+00:00",
    "DeviceId": null,
    "Aggregation": "Daily",
    "AppName": "OneDrive",
    "AppPublisher": "Microsoft Corporation"
  },
  {
    "DateTime": "2019-08-24T00:00:00+00:00",
    "EndDateTime": "2019-08-24T23:59:59.9999999+00:00",
    "DeviceId": null,
    "Aggregation": "Daily",
    "AppName": "Microsoft Outlook",
    "AppPublisher": "Microsoft Corporation"
  },
  {
    "DateTime": "2019-08-23T00:00:00+00:00",
    "EndDateTime": "2019-08-23T23:59:59.9999999+00:00",
    "DeviceId": null,
    "Aggregation": "Daily",
    "AppName": "OneDrive",
    "AppPublisher": "Microsoft Corporation"
  },
  {
    "DateTime": "2019-08-23T00:00:00+00:00",
    "EndDateTime": "2019-08-23T23:59:59.9999999+00:00",
    "DeviceId": null,
    "Aggregation": "Daily",
    "AppName": "Microsoft Outlook",
    "AppPublisher": "Microsoft Corporation"
  },
  {
    "DateTime": "2019-08-23T00:00:00+00:00",
    "EndDateTime": "2019-08-23T23:59:59.9999999+00:00",
    "DeviceId": null,
    "Aggregation": "Daily",
    "AppName": "outlook.live.com",
    "AppPublisher": "Microsoft Corporation"
  },
  {
    "DateTime": "2019-08-22T00:00:00+00:00",
    "EndDateTime": "2019-08-22T23:59:59.9999999+00:00",
    "DeviceId": null,
    "Aggregation": "Daily",
    "AppName": "OneDrive",
    "AppPublisher": "Microsoft Corporation"
  },
  {
    "DateTime": "2019-08-22T00:00:00+00:00",
    "EndDateTime": "2019-08-22T23:59:59.9999999+00:00",
    "DeviceId": null,
    "Aggregation": "Daily",
    "AppName": "Microsoft Outlook",
    "AppPublisher": "Microsoft Corporation"
  },
  {
    "DateTime": "2019-08-21T00:00:00+00:00",
    "EndDateTime": "2019-08-21T23:59:59.9999999+00:00",
    "DeviceId": null,
    "Aggregation": "Daily",
    "AppName": "OneDrive",
    "AppPublisher": "Microsoft Corporation"
  },
  {
    "DateTime": "2019-08-21T00:00:00+00:00",
    "EndDateTime": "2019-08-21T23:59:59.9999999+00:00",
    "DeviceId": null,
    "Aggregation": "Daily",
    "AppName": "Microsoft Outlook",
    "AppPublisher": "Microsoft Corporation"
  },
  {
    "DateTime": "2019-08-21T00:00:00+00:00",
    "EndDateTime": "2019-08-21T23:59:59.9999999+00:00",
    "DeviceId": null,
    "Aggregation": "Daily",
    "AppName": "outlook.live.com",
    "AppPublisher": "Microsoft Corporation"
  },
  {
    "DateTime": "2019-08-20T00:00:00+00:00",
    "EndDateTime": "2019-08-20T23:59:59.9999999+00:00",
    "DeviceId": null,
    "Aggregation": "Daily",
    "AppName": "Microsoft OneNote",
    "AppPublisher": "Microsoft Corporation"
  },
  {
    "DateTime": "2019-08-20T00:00:00+00:00",
    "EndDateTime": "2019-08-20T23:59:59.9999999+00:00",
    "DeviceId": null,
    "Aggregation": "Daily",
    "AppName": "Office Shared Components",
    "AppPublisher": "Microsoft Corporation"
  },
  {
    "DateTime": "2019-08-20T00:00:00+00:00",
    "EndDateTime": "2019-08-20T23:59:59.9999999+00:00",
    "DeviceId": null,
    "Aggregation": "Daily",
    "AppName": "Microsoft Outlook",
    "AppPublisher": "Microsoft Corporation"
  },
  {
    "DateTime": "2019-08-20T00:00:00+00:00",
    "EndDateTime": "2019-08-20T23:59:59.9999999+00:00",
    "DeviceId": null,
    "Aggregation": "Daily",
    "AppName": "OneDrive",
    "AppPublisher": "Microsoft Corporation"
  },
  {
    "DateTime": "2019-08-20T00:00:00+00:00",
    "EndDateTime": "2019-08-20T23:59:59.9999999+00:00",
    "DeviceId": null,
    "Aggregation": "Daily",
    "AppName": "Bing",
    "AppPublisher": "Microsoft Corporation"
  },
  {
    "DateTime": "2019-08-20T00:00:00+00:00",
    "EndDateTime": "2019-08-20T23:59:59.9999999+00:00",
    "DeviceId": null,
    "Aggregation": "Daily",
    "AppName": "outlook.live.com",
    "AppPublisher": "Microsoft Corporation"
  },
  {
    "DateTime": "2019-08-20T00:00:00+00:00",
    "EndDateTime": "2019-08-20T23:59:59.9999999+00:00",
    "DeviceId": null,
    "Aggregation": "Daily",
    "AppName": "onedrive.live.com",
    "AppPublisher": "Microsoft Corporation"
  },
  {
    "DateTime": "2019-08-19T00:00:00+00:00",
    "EndDateTime": "2019-08-19T23:59:59.9999999+00:00",
    "DeviceId": null,
    "Aggregation": "Daily",
    "AppName": "Microsoft Outlook",
    "AppPublisher": "Microsoft Corporation"
  },
  {
    "DateTime": "2019-08-18T00:00:00+00:00",
    "EndDateTime": "2019-08-18T23:59:59.9999999+00:00",
    "DeviceId": null,
    "Aggregation": "Daily",
    "AppName": "Microsoft Outlook",
    "AppPublisher": "Microsoft Corporation"
  },
  {
    "DateTime": "2019-08-18T00:00:00+00:00",
    "EndDateTime": "2019-08-18T23:59:59.9999999+00:00",
    "DeviceId": null,
    "Aggregation": "Daily",
    "AppName": "OneDrive",
    "AppPublisher": "Microsoft Corporation"
  },
  {
    "DateTime": "2019-08-17T00:00:00+00:00",
    "EndDateTime": "2019-08-17T23:59:59.9999999+00:00",
    "DeviceId": null,
    "Aggregation": "Daily",
    "AppName": "OneDrive",
    "AppPublisher": "Microsoft Corporation"
  },
  {
    "DateTime": "2019-08-16T00:00:00+00:00",
    "EndDateTime": "2019-08-16T23:59:59.9999999+00:00",
    "DeviceId": null,
    "Aggregation": "Daily",
    "AppName": "OneDrive",
    "AppPublisher": "Microsoft Corporation"
  },
  {
    "DateTime": "2019-08-16T00:00:00+00:00",
    "EndDateTime": "2019-08-16T23:59:59.9999999+00:00",
    "DeviceId": null,
    "Aggregation": "Daily",
    "AppName": "Office Shared Components",
    "AppPublisher": "Microsoft Corporation"
  },
  {
    "DateTime": "2019-08-16T00:00:00+00:00",
    "EndDateTime": "2019-08-16T23:59:59.9999999+00:00",
    "DeviceId": null,
    "Aggregation": "Daily",
    "AppName": "Bing",
    "AppPublisher": "Microsoft Corporation"
  },
  {
    "DateTime": "2019-08-16T00:00:00+00:00",
    "EndDateTime": "2019-08-16T23:59:59.9999999+00:00",
    "DeviceId": null,
    "Aggregation": "Daily",
    "AppName": "Microsoft Outlook",
    "AppPublisher": "Microsoft Corporation"
  },
  {
    "DateTime": "2019-08-16T00:00:00+00:00",
    "EndDateTime": "2019-08-16T23:59:59.9999999+00:00",
    "DeviceId": null,
    "Aggregation": "Daily",
    "AppName": "onedrive.live.com",
    "AppPublisher": "Microsoft Corporation"
  },
  {
    "DateTime": "2019-08-16T00:00:00+00:00",
    "EndDateTime": "2019-08-16T23:59:59.9999999+00:00",
    "DeviceId": null,
    "Aggregation": "Daily",
    "AppName": "account.microsoft.com",
    "AppPublisher": "Microsoft Corporation"
  },
  {
    "DateTime": "2019-08-16T00:00:00+00:00",
    "EndDateTime": "2019-08-16T23:59:59.9999999+00:00",
    "DeviceId": null,
    "Aggregation": "Daily",
    "AppName": "outlook.live.com",
    "AppPublisher": "Microsoft Corporation"
  },
  {
    "DateTime": "2019-08-15T00:00:00+00:00",
    "EndDateTime": "2019-08-15T23:59:59.9999999+00:00",
    "DeviceId": null,
    "Aggregation": "Daily",
    "AppName": "Microsoft Outlook",
    "AppPublisher": "Microsoft Corporation"
  },
  {
    "DateTime": "2019-08-14T00:00:00+00:00",
    "EndDateTime": "2019-08-14T23:59:59.9999999+00:00",
    "DeviceId": null,
    "Aggregation": "Daily",
    "AppName": "Microsoft OneNote",
    "AppPublisher": "Microsoft Corporation"
  },
  {
    "DateTime": "2019-08-14T00:00:00+00:00",
    "EndDateTime": "2019-08-14T23:59:59.9999999+00:00",
    "DeviceId": null,
    "Aggregation": "Daily",
    "AppName": "OneDrive",
    "AppPublisher": "Microsoft Corporation"
  },
  {
    "DateTime": "2019-08-14T00:00:00+00:00",
    "EndDateTime": "2019-08-14T23:59:59.9999999+00:00",
    "DeviceId": null,
    "Aggregation": "Daily",
    "AppName": "office.com",
    "AppPublisher": "Microsoft Corporation"
  },
  {
    "DateTime": "2019-08-14T00:00:00+00:00",
    "EndDateTime": "2019-08-14T23:59:59.9999999+00:00",
    "DeviceId": null,
    "Aggregation": "Daily",
    "AppName": "Microsoft Outlook",
    "AppPublisher": "Microsoft Corporation"
  },
  {
    "DateTime": "2019-08-14T00:00:00+00:00",
    "EndDateTime": "2019-08-14T23:59:59.9999999+00:00",
    "DeviceId": null,
    "Aggregation": "Daily",
    "AppName": "docs.microsoft.com",
    "AppPublisher": "Microsoft Corporation"
  },
  {
    "DateTime": "2019-08-13T00:00:00+00:00",
    "EndDateTime": "2019-08-13T23:59:59.9999999+00:00",
    "DeviceId": null,
    "Aggregation": "Daily",
    "AppName": "OneDrive",
    "AppPublisher": "Microsoft Corporation"
  },
  {
    "DateTime": "2019-08-13T00:00:00+00:00",
    "EndDateTime": "2019-08-13T23:59:59.9999999+00:00",
    "DeviceId": null,
    "Aggregation": "Daily",
    "AppName": "techprofile.microsoft.com",
    "AppPublisher": "Microsoft Corporation"
  },
  {
    "DateTime": "2019-08-13T00:00:00+00:00",
    "EndDateTime": "2019-08-13T23:59:59.9999999+00:00",
    "DeviceId": null,
    "Aggregation": "Daily",
    "AppName": "docs.microsoft.com",
    "AppPublisher": "Microsoft Corporation"
  },
  {
    "DateTime": "2019-08-13T00:00:00+00:00",
    "EndDateTime": "2019-08-13T23:59:59.9999999+00:00",
    "DeviceId": null,
    "Aggregation": "Daily",
    "AppName": "account.microsoft.com",
    "AppPublisher": "Microsoft Corporation"
  },
  {
    "DateTime": "2019-07-17T00:00:00+00:00",
    "EndDateTime": "2019-07-17T23:59:59.9999999+00:00",
    "DeviceId": null,
    "Aggregation": "Daily",
    "AppName": "Microsoft Outlook",
    "AppPublisher": "Microsoft Corporation"
  },
  {
    "DateTime": "2019-07-17T00:00:00+00:00",
    "EndDateTime": "2019-07-17T23:59:59.9999999+00:00",
    "DeviceId": null,
    "Aggregation": "Daily",
    "AppName": "OneDrive",
    "AppPublisher": "Microsoft Corporation"
  }
]
}
